INSERT INTO directors (id, name)
VALUES (1, 'Tim Burton');
INSERT INTO directors (id, name)
VALUES (2, 'Francis Ford Coppola');
INSERT INTO directors (id, name)
VALUES (3, 'Frank Darabont');
INSERT INTO directors (id, name)
VALUES (4, 'Peter Faiman');
INSERT INTO directors (id, name)
VALUES (5, 'Bryan Singer');
INSERT INTO directors (id, name)
VALUES (6, 'Brad Bird, Jan Pinkava');
INSERT INTO directors (id, name)
VALUES (7, 'Fernando Meirelles, Katia Lund');
INSERT INTO directors (id, name)
VALUES (8, 'Christopher Nolan');
INSERT INTO directors (id, name)
VALUES (9, 'Olivier Nakache, Eric Toledano');
INSERT INTO directors (id, name)
VALUES (10, 'Matthew Vaughn');
INSERT INTO directors (id, name)
VALUES (11, 'Mel Gibson');
INSERT INTO directors (id, name)
VALUES (12, 'Martin Scorsese');
INSERT INTO directors (id, name)
VALUES (13, 'Ethan Coen, Joel Coen');
INSERT INTO directors (id, name)
VALUES (14, 'Jorge Blanco, Javier Abad, Marcos Martinez');
INSERT INTO directors (id, name)
VALUES (15, 'Rian Johnson');
INSERT INTO directors (id, name)
VALUES (16, 'Tim Burton, Mike Johnson');
INSERT INTO directors (id, name)
VALUES (17, 'Carol Reed');
INSERT INTO directors (id, name)
VALUES (18, 'Danny Boyle');
INSERT INTO directors (id, name)
VALUES (19, 'Brian De Palma');
INSERT INTO directors (id, name)
VALUES (20, 'Alex Cox');
INSERT INTO directors (id, name)
VALUES (21, 'Darren Aronofsky');
INSERT INTO directors (id, name)
VALUES (22, 'Michael Cimino');
INSERT INTO directors (id, name)
VALUES (23, 'Kevin Smith');
INSERT INTO directors (id, name)
VALUES (24, 'Quentin Tarantino');
INSERT INTO directors (id, name)
VALUES (25, 'Jonathan Demme');
INSERT INTO directors (id, name)
VALUES (26, 'Sam Mendes');
INSERT INTO directors (id, name)
VALUES (27, 'Guy Ritchie');
INSERT INTO directors (id, name)
VALUES (28, 'Alan Parker');
INSERT INTO directors (id, name)
VALUES (29, 'Paul McGuigan');
INSERT INTO directors (id, name)
VALUES (30, 'Alfred Hitchcock');
INSERT INTO directors (id, name)
VALUES (31, 'Guillermo del Toro');
INSERT INTO directors (id, name)
VALUES (32, 'Stanley Kubrick');
INSERT INTO directors (id, name)
VALUES (33, 'Woody Allen');
INSERT INTO directors (id, name)
VALUES (34, 'Tom Hooper');
INSERT INTO directors (id, name)
VALUES (35, 'Curtis Hanson');
INSERT INTO directors (id, name)
VALUES (36, 'Bennett Miller');
INSERT INTO directors (id, name)
VALUES (37, 'Todd Phillips');
INSERT INTO directors (id, name)
VALUES (38, 'Paolo Sorrentino');
INSERT INTO directors (id, name)
VALUES (39, 'Clint Eastwood');
INSERT INTO directors (id, name)
VALUES (40, 'Adam Elliot');
INSERT INTO directors (id, name)
VALUES (41, 'Robert Zemeckis');
INSERT INTO directors (id, name)
VALUES (42, 'Milos Forman');
INSERT INTO directors (id, name)
VALUES (43, 'Peter Weir');
INSERT INTO directors (id, name)
VALUES (44, 'Michel Hazanavicius');
INSERT INTO directors (id, name)
VALUES (45, 'Peter Jackson');
INSERT INTO directors (id, name)
VALUES (46, 'Danny Boyle, Loveleen Tandan');
INSERT INTO directors (id, name)
VALUES (47, 'Sofia Coppola');
INSERT INTO genres (id, genre_name)
VALUES (1, 'Comedy');
INSERT INTO genres (id, genre_name)
VALUES (2, 'Fantasy');
INSERT INTO genres (id, genre_name)
VALUES (3, 'Crime');
INSERT INTO genres (id, genre_name)
VALUES (4, 'Drama');
INSERT INTO genres (id, genre_name)
VALUES (5, 'Music');
INSERT INTO genres (id, genre_name)
VALUES (6, 'Adventure');
INSERT INTO genres (id, genre_name)
VALUES (7, 'History');
INSERT INTO genres (id, genre_name)
VALUES (8, 'Thriller');
INSERT INTO genres (id, genre_name)
VALUES (9, 'Animation');
INSERT INTO genres (id, genre_name)
VALUES (10, 'Family');
INSERT INTO genres (id, genre_name)
VALUES (11, 'Mystery');
INSERT INTO genres (id, genre_name)
VALUES (12, 'Biography');
INSERT INTO genres (id, genre_name)
VALUES (13, 'Action');
INSERT INTO genres (id, genre_name)
VALUES (14, 'Film-Noir');
INSERT INTO genres (id, genre_name)
VALUES (15, 'Romance');
INSERT INTO genres (id, genre_name)
VALUES (16, 'Sci-Fi');
INSERT INTO genres (id, genre_name)
VALUES (17, 'War');
INSERT INTO genres (id, genre_name)
VALUES (18, 'Western');
INSERT INTO genres (id, genre_name)
VALUES (19, 'Horror');
INSERT INTO genres (id, genre_name)
VALUES (20, 'Musical');
INSERT INTO genres (id, genre_name)
VALUES (21, 'Sport');
INSERT INTO actors (id, name)
VALUES (1, 'Alec Baldwin');
INSERT INTO actors (id, name)
VALUES (2, 'Geena Davis');
INSERT INTO actors (id, name)
VALUES (3, 'Annie McEnroe');
INSERT INTO actors (id, name)
VALUES (4, 'Maurice Page');
INSERT INTO actors (id, name)
VALUES (5, 'Richard Gere');
INSERT INTO actors (id, name)
VALUES (6, 'Gregory Hines');
INSERT INTO actors (id, name)
VALUES (7, 'Diane Lane');
INSERT INTO actors (id, name)
VALUES (8, 'Lonette McKee');
INSERT INTO actors (id, name)
VALUES (9, 'Tim Robbins');
INSERT INTO actors (id, name)
VALUES (10, 'Morgan Freeman');
INSERT INTO actors (id, name)
VALUES (11, 'Bob Gunton');
INSERT INTO actors (id, name)
VALUES (12, 'William Sadler');
INSERT INTO actors (id, name)
VALUES (13, 'Paul Hogan');
INSERT INTO actors (id, name)
VALUES (14, 'Linda Kozlowski');
INSERT INTO actors (id, name)
VALUES (15, 'John Meillon');
INSERT INTO actors (id, name)
VALUES (16, 'David Gulpilil');
INSERT INTO actors (id, name)
VALUES (17, 'Tom Cruise');
INSERT INTO actors (id, name)
VALUES (18, 'Kenneth Branagh');
INSERT INTO actors (id, name)
VALUES (19, 'Bill Nighy');
INSERT INTO actors (id, name)
VALUES (20, 'Tom Wilkinson');
INSERT INTO actors (id, name)
VALUES (21, 'Patton Oswalt');
INSERT INTO actors (id, name)
VALUES (22, 'Ian Holm');
INSERT INTO actors (id, name)
VALUES (23, 'Lou Romano');
INSERT INTO actors (id, name)
VALUES (24, 'Brian Dennehy');
INSERT INTO actors (id, name)
VALUES (25, 'Alexandre Rodrigues');
INSERT INTO actors (id, name)
VALUES (26, 'Leandro Firmino');
INSERT INTO actors (id, name)
VALUES (27, 'Phellipe Haagensen');
INSERT INTO actors (id, name)
VALUES (28, 'Douglas Silva');
INSERT INTO actors (id, name)
VALUES (29, 'Guy Pearce');
INSERT INTO actors (id, name)
VALUES (30, 'Carrie-Anne Moss');
INSERT INTO actors (id, name)
VALUES (31, 'Joe Pantoliano');
INSERT INTO actors (id, name)
VALUES (32, 'Mark Boone Junior');
INSERT INTO actors (id, name)
VALUES (33, 'Francois Cluzet');
INSERT INTO actors (id, name)
VALUES (34, 'Omar Sy');
INSERT INTO actors (id, name)
VALUES (35, 'Anne Le Ny');
INSERT INTO actors (id, name)
VALUES (36, 'Audrey Fleurot');
INSERT INTO actors (id, name)
VALUES (37, 'Ian McKellen');
INSERT INTO actors (id, name)
VALUES (38, 'Bimbo Hart');
INSERT INTO actors (id, name)
VALUES (39, 'Alastair MacIntosh');
INSERT INTO actors (id, name)
VALUES (40, 'David Kelly');
INSERT INTO actors (id, name)
VALUES (41, 'Rudy Youngblood');
INSERT INTO actors (id, name)
VALUES (42, 'Dalia Hernandez');
INSERT INTO actors (id, name)
VALUES (43, 'Jonathan Brewer');
INSERT INTO actors (id, name)
VALUES (44, 'Morris Birdyellowhead');
INSERT INTO actors (id, name)
VALUES (45, 'Diahnne Abbott');
INSERT INTO actors (id, name)
VALUES (46, 'Frank Adu');
INSERT INTO actors (id, name)
VALUES (47, 'Victor Argo');
INSERT INTO actors (id, name)
VALUES (48, 'Gino Ardito');
INSERT INTO actors (id, name)
VALUES (49, 'Tommy Lee Jones');
INSERT INTO actors (id, name)
VALUES (50, 'Javier Bardem');
INSERT INTO actors (id, name)
VALUES (51, 'Josh Brolin');
INSERT INTO actors (id, name)
VALUES (52, 'Woody Harrelson');
INSERT INTO actors (id, name)
VALUES (53, 'Jessica Biel');
INSERT INTO actors (id, name)
VALUES (54, 'John Cleese');
INSERT INTO actors (id, name)
VALUES (55, 'Gary Oldman');
INSERT INTO actors (id, name)
VALUES (56, 'Dwayne Johnson');
INSERT INTO actors (id, name)
VALUES (57, 'Joseph Gordon-Levitt');
INSERT INTO actors (id, name)
VALUES (58, 'Bruce Willis');
INSERT INTO actors (id, name)
VALUES (59, 'Emily Blunt');
INSERT INTO actors (id, name)
VALUES (60, 'Paul Dano');
INSERT INTO actors (id, name)
VALUES (61, 'Johnny Depp');
INSERT INTO actors (id, name)
VALUES (62, 'Helena Bonham Carter');
INSERT INTO actors (id, name)
VALUES (63, 'Emily Watson');
INSERT INTO actors (id, name)
VALUES (64, 'Tracey Ullman');
INSERT INTO actors (id, name)
VALUES (65, 'Joseph Cotten');
INSERT INTO actors (id, name)
VALUES (66, 'Alida Valli');
INSERT INTO actors (id, name)
VALUES (67, 'Orson Welles');
INSERT INTO actors (id, name)
VALUES (68, 'Trevor Howard');
INSERT INTO actors (id, name)
VALUES (69, 'Leonardo DiCaprio');
INSERT INTO actors (id, name)
VALUES (70, 'Daniel York');
INSERT INTO actors (id, name)
VALUES (71, 'Patcharawan Patarakijjanon');
INSERT INTO actors (id, name)
VALUES (72, 'Virginie Ledoyen');
INSERT INTO actors (id, name)
VALUES (73, 'Al Pacino');
INSERT INTO actors (id, name)
VALUES (74, 'Steven Bauer');
INSERT INTO actors (id, name)
VALUES (75, 'Michelle Pfeiffer');
INSERT INTO actors (id, name)
VALUES (76, 'Mary Elizabeth Mastrantonio');
INSERT INTO actors (id, name)
VALUES (77, 'Chloe Webb');
INSERT INTO actors (id, name)
VALUES (78, 'David Hayman');
INSERT INTO actors (id, name)
VALUES (79, 'Debby Bishop');
INSERT INTO actors (id, name)
VALUES (80, 'Natalie Portman');
INSERT INTO actors (id, name)
VALUES (81, 'Mila Kunis');
INSERT INTO actors (id, name)
VALUES (82, 'Vincent Cassel');
INSERT INTO actors (id, name)
VALUES (83, 'Barbara Hershey');
INSERT INTO actors (id, name)
VALUES (84, 'Ellen Page');
INSERT INTO actors (id, name)
VALUES (85, 'Tom Hardy');
INSERT INTO actors (id, name)
VALUES (86, 'Robert De Niro');
INSERT INTO actors (id, name)
VALUES (87, 'John Cazale');
INSERT INTO actors (id, name)
VALUES (88, 'John Savage');
INSERT INTO actors (id, name)
VALUES (89, 'Christopher Walken');
INSERT INTO actors (id, name)
VALUES (90, 'Ethan Suplee');
INSERT INTO actors (id, name)
VALUES (91, 'Ben Affleck');
INSERT INTO actors (id, name)
VALUES (92, 'Scott Mosier');
INSERT INTO actors (id, name)
VALUES (93, 'Jason Lee');
INSERT INTO actors (id, name)
VALUES (94, 'Jamie Foxx');
INSERT INTO actors (id, name)
VALUES (95, 'Christoph Waltz');
INSERT INTO actors (id, name)
VALUES (96, 'Kerry Washington');
INSERT INTO actors (id, name)
VALUES (97, 'Jodie Foster');
INSERT INTO actors (id, name)
VALUES (98, 'Lawrence A. Bonney');
INSERT INTO actors (id, name)
VALUES (99, 'Kasi Lemmons');
INSERT INTO actors (id, name)
VALUES (100, 'Lawrence T. Wrentz');
INSERT INTO actors (id, name)
VALUES (101, 'Kevin Spacey');
INSERT INTO actors (id, name)
VALUES (102, 'Annette Bening');
INSERT INTO actors (id, name)
VALUES (103, 'Thora Birch');
INSERT INTO actors (id, name)
VALUES (104, 'Wes Bentley');
INSERT INTO actors (id, name)
VALUES (105, 'Benicio Del Toro');
INSERT INTO actors (id, name)
VALUES (106, 'Dennis Farina');
INSERT INTO actors (id, name)
VALUES (107, 'Vinnie Jones');
INSERT INTO actors (id, name)
VALUES (108, 'Brad Pitt');
INSERT INTO actors (id, name)
VALUES (109, 'Brad Davis');
INSERT INTO actors (id, name)
VALUES (110, 'Irene Miracle');
INSERT INTO actors (id, name)
VALUES (111, 'Bo Hopkins');
INSERT INTO actors (id, name)
VALUES (112, 'Paolo Bonacelli');
INSERT INTO actors (id, name)
VALUES (113, 'Tim Roth');
INSERT INTO actors (id, name)
VALUES (114, 'Amanda Plummer');
INSERT INTO actors (id, name)
VALUES (115, 'Laura Lovelace');
INSERT INTO actors (id, name)
VALUES (116, 'John Travolta');
INSERT INTO actors (id, name)
VALUES (117, 'Jason Flemyng');
INSERT INTO actors (id, name)
VALUES (118, 'Dexter Fletcher');
INSERT INTO actors (id, name)
VALUES (119, 'Nick Moran');
INSERT INTO actors (id, name)
VALUES (120, 'Jason Statham');
INSERT INTO actors (id, name)
VALUES (121, 'Josh Hartnett');
INSERT INTO actors (id, name)
VALUES (122, 'Lucy Liu');
INSERT INTO actors (id, name)
VALUES (123, 'James Stewart');
INSERT INTO actors (id, name)
VALUES (124, 'Grace Kelly');
INSERT INTO actors (id, name)
VALUES (125, 'Wendell Corey');
INSERT INTO actors (id, name)
VALUES (126, 'Thelma Ritter');
INSERT INTO actors (id, name)
VALUES (127, 'Ivana Baquero');
INSERT INTO actors (id, name)
VALUES (128, 'Sergi Loapez');
INSERT INTO actors (id, name)
VALUES (129, 'Maribel Verdi');
INSERT INTO actors (id, name)
VALUES (130, 'Doug Jones');
INSERT INTO actors (id, name)
VALUES (131, 'Mark Ruffalo');
INSERT INTO actors (id, name)
VALUES (132, 'Ben Kingsley');
INSERT INTO actors (id, name)
VALUES (133, 'Max von Sydow');
INSERT INTO actors (id, name)
VALUES (134, 'Harvey Keitel');
INSERT INTO actors (id, name)
VALUES (135, 'Michael Madsen');
INSERT INTO actors (id, name)
VALUES (136, 'Chris Penn');
INSERT INTO actors (id, name)
VALUES (137, 'Jack Nicholson');
INSERT INTO actors (id, name)
VALUES (138, 'Shelley Duvall');
INSERT INTO actors (id, name)
VALUES (139, 'Danny Lloyd');
INSERT INTO actors (id, name)
VALUES (140, 'Scatman Crothers');
INSERT INTO actors (id, name)
VALUES (141, 'Owen Wilson');
INSERT INTO actors (id, name)
VALUES (142, 'Rachel McAdams');
INSERT INTO actors (id, name)
VALUES (143, 'Kurt Fuller');
INSERT INTO actors (id, name)
VALUES (144, 'Mimi Kennedy');
INSERT INTO actors (id, name)
VALUES (145, 'Hugh Jackman');
INSERT INTO actors (id, name)
VALUES (146, 'Russell Crowe');
INSERT INTO actors (id, name)
VALUES (147, 'Anne Hathaway');
INSERT INTO actors (id, name)
VALUES (148, 'Amanda Seyfried');
INSERT INTO actors (id, name)
VALUES (149, 'James Cromwell');
INSERT INTO actors (id, name)
VALUES (150, 'Jonah Hill');
INSERT INTO actors (id, name)
VALUES (151, 'Philip Seymour Hoffman');
INSERT INTO actors (id, name)
VALUES (152, 'Robin Wright');
INSERT INTO actors (id, name)
VALUES (153, 'Bradley Cooper');
INSERT INTO actors (id, name)
VALUES (154, 'Ed Helms');
INSERT INTO actors (id, name)
VALUES (155, 'Zach Galifianakis');
INSERT INTO actors (id, name)
VALUES (156, 'Justin Bartha');
INSERT INTO actors (id, name)
VALUES (157, 'Toni Servillo');
INSERT INTO actors (id, name)
VALUES (158, 'Carlo Verdone');
INSERT INTO actors (id, name)
VALUES (159, 'Sabrina Ferilli');
INSERT INTO actors (id, name)
VALUES (160, 'Carlo Buccirosso');
INSERT INTO actors (id, name)
VALUES (161, 'Clint Eastwood');
INSERT INTO actors (id, name)
VALUES (162, 'Christopher Carley');
INSERT INTO actors (id, name)
VALUES (163, 'Bee Vang');
INSERT INTO actors (id, name)
VALUES (164, 'Ahney Her');
INSERT INTO actors (id, name)
VALUES (165, 'Toni Collette');
INSERT INTO actors (id, name)
VALUES (166, 'Barry Humphries');
INSERT INTO actors (id, name)
VALUES (167, 'Eric Bana');
INSERT INTO actors (id, name)
VALUES (168, 'Nadine Velazquez');
INSERT INTO actors (id, name)
VALUES (169, 'Denzel Washington');
INSERT INTO actors (id, name)
VALUES (170, 'Carter Cabassa');
INSERT INTO actors (id, name)
VALUES (171, 'Adam C. Edwards');
INSERT INTO actors (id, name)
VALUES (172, 'Michael Berryman');
INSERT INTO actors (id, name)
VALUES (173, 'Peter Brocco');
INSERT INTO actors (id, name)
VALUES (174, 'Dean R. Brooks');
INSERT INTO actors (id, name)
VALUES (175, 'Alonzo Brown');
INSERT INTO actors (id, name)
VALUES (176, 'Ellen Burstyn');
INSERT INTO actors (id, name)
VALUES (177, 'Jared Leto');
INSERT INTO actors (id, name)
VALUES (178, 'Jennifer Connelly');
INSERT INTO actors (id, name)
VALUES (179, 'Marlon Wayans');
INSERT INTO actors (id, name)
VALUES (180, 'Jim Carrey');
INSERT INTO actors (id, name)
VALUES (181, 'Laura Linney');
INSERT INTO actors (id, name)
VALUES (182, 'Noah Emmerich');
INSERT INTO actors (id, name)
VALUES (183, 'Natascha McElhone');
INSERT INTO actors (id, name)
VALUES (184, 'Jean Dujardin');
INSERT INTO actors (id, name)
VALUES (185, 'Bonice Bejo');
INSERT INTO actors (id, name)
VALUES (186, 'John Goodman');
INSERT INTO actors (id, name)
VALUES (187, 'Tom Hanks');
INSERT INTO actors (id, name)
VALUES (188, 'Rebecca Williams');
INSERT INTO actors (id, name)
VALUES (189, 'Sally Field');
INSERT INTO actors (id, name)
VALUES (190, 'Michael Conner Humphreys');
INSERT INTO actors (id, name)
VALUES (191, 'Martin Freeman');
INSERT INTO actors (id, name)
VALUES (192, 'Richard Armitage');
INSERT INTO actors (id, name)
VALUES (193, 'Ken Stott');
INSERT INTO actors (id, name)
VALUES (194, 'Rebecca Hall');
INSERT INTO actors (id, name)
VALUES (195, 'Scarlett Johansson');
INSERT INTO actors (id, name)
VALUES (196, 'Christopher Evan Welch');
INSERT INTO actors (id, name)
VALUES (197, 'Chris Messina');
INSERT INTO actors (id, name)
VALUES (198, 'Dev Patel');
INSERT INTO actors (id, name)
VALUES (199, 'Saurabh Shukla');
INSERT INTO actors (id, name)
VALUES (200, 'Anil Kapoor');
INSERT INTO actors (id, name)
VALUES (201, 'Rajendranath Zutshi');
INSERT INTO actors (id, name)
VALUES (202, 'Bill Murray');
INSERT INTO actors (id, name)
VALUES (203, 'Akiko Takeshita');
INSERT INTO actors (id, name)
VALUES (204, 'Kazuyoshi Minamimagoe');
INSERT INTO movies (id, title, year, runtime, plot, poster_url, director_id)
VALUES (1, 'Beetlejuice', 1988, 92, 'A couple of recently deceased ghosts contract the services of a "bio-exorcist" in order to remove the obnoxious new owners of their house.', 'https://upload.wikimedia.org/wikipedia/en/7/76/Beetlejuice_%281988_film_poster%29.png', 1);
INSERT INTO movies (id, title, year, runtime, plot, poster_url, director_id)
VALUES (2, 'The Cotton Club', 1984, 127, 'The Cotton Club was a famous night club in Harlem. The story follows the people that visited the club, those that ran it, and is peppered with the Jazz music that made it so famous.', 'https://images-na.ssl-images-amazon.com/images/M/MV5BMTU5ODAyNzA4OV5BMl5BanBnXkFtZTcwNzYwNTIzNA@@._V1_SX300.jpg', 2);
INSERT INTO movies (id, title, year, runtime, plot, poster_url, director_id)
VALUES (3, 'The Shawshank Redemption', 1994, 142, 'Two imprisoned men bond over a number of years, finding solace and eventual redemption through acts of common decency.', 'https://upload.wikimedia.org/wikipedia/ms/8/81/ShawshankRedemptionMoviePoster.jpg', 3);
INSERT INTO movies (id, title, year, runtime, plot, poster_url, director_id)
VALUES (4, 'Crocodile Dundee', 1986, 97, 'An American reporter goes to the Australian outback to meet an eccentric crocodile poacher and invites him to New York City.', 'https://images-na.ssl-images-amazon.com/images/M/MV5BMTg0MTU1MTg4NF5BMl5BanBnXkFtZTgwMDgzNzYxMTE@._V1_SX300.jpg',4);
INSERT INTO movies (id, title, year, runtime, plot, poster_url, director_id)
VALUES (5, 'Valkyrie', 2008, 121, 'A dramatization of the 20 July assassination and political coup plot by desperate renegade German Army officers against Hitler during World War II.', 'https://upload.wikimedia.org/wikipedia/en/b/b8/Valkyrie_poster.jpg', 5);
INSERT INTO movies (id, title, year, runtime, plot, poster_url, director_id)
VALUES (6, 'Ratatouille', 2007, 111, 'A rat who can cook makes an unusual alliance with a young kitchen worker at a famous restaurant.', 'https://images-na.ssl-images-amazon.com/images/M/MV5BMTMzODU0NTkxMF5BMl5BanBnXkFtZTcwMjQ4MzMzMw@@._V1_SX300.jpg', 6);
INSERT INTO movies (id, title, year, runtime, plot, poster_url, director_id)
VALUES (7, 'City of God', 2002, 130, 'Two boys growing up in a violent neighborhood of Rio de Janeiro take different paths: one becomes a photographer, the other a drug dealer.', 'https://images-na.ssl-images-amazon.com/images/M/MV5BMjA4ODQ3ODkzNV5BMl5BanBnXkFtZTYwOTc4NDI3._V1_SX300.jpg', 7);
INSERT INTO movies (id, title, year, runtime, plot, poster_url, director_id)
VALUES (8, 'Memento', 2000, 113, 'A man juggles searching for his wifes murderer and keeping his short-term memory loss from being an obstacle.', 'https://upload.wikimedia.org/wikipedia/en/c/c7/Memento_poster.jpg', 8);
INSERT INTO movies (id, title, year, runtime, plot, poster_url, director_id)
VALUES (9, 'The Intouchables', 2011, 112, 'After he becomes a quadriplegic from a paragliding accident, an aristocrat hires a young man from the projects to be his caregiver.', 'https://upload.wikimedia.org/wikipedia/en/9/93/The_Intouchables.jpg', 9);
INSERT INTO movies (id, title, year, runtime, plot, poster_url, director_id)
VALUES (10, 'Stardust', 2007, 127, 'In a countryside town bordering on a magical land, a young man makes a promise to his beloved that hell retrieve a fallen star by venturing into the magical realm.', 'https://images-na.ssl-images-amazon.com/images/M/MV5BMjkyMTE1OTYwNF5BMl5BanBnXkFtZTcwMDIxODYzMw@@._V1_SX300.jpg', 10);
INSERT INTO movies (id, title, year, runtime, plot, poster_url, director_id)
VALUES (11, 'Apocalypto', 2006, 139, 'As the Mayan kingdom faces its decline, the rulers insist the key to prosperity is to build more temples and offer human sacrifices. Jaguar Paw, a young man captured for sacrifice, flees to avoid his fate.', 'https://images-na.ssl-images-amazon.com/images/M/MV5BNTM1NjYyNTY5OV5BMl5BanBnXkFtZTcwMjgwNTMzMQ@@._V1_SX300.jpg', 11);
INSERT INTO movies (id, title, year, runtime, plot, poster_url, director_id)
VALUES (12, 'Taxi Driver', 1976, 113, 'A mentally unstable Vietnam War veteran works as a night-time taxi driver in New York City where the perceived decadence and sleaze feeds his urge for violent action, attempting to save a preadolescent prostitute in the process.', 'https://upload.wikimedia.org/wikipedia/en/3/33/Taxi_Driver_%281976_film_poster%29.jpg', 12);
INSERT INTO movies (id, title, year, runtime, plot, poster_url, director_id)
VALUES (13, 'No Country for Old Men', 2007, 122, 'Violence and mayhem ensue after a hunter stumbles upon a drug deal gone wrong and more than two million dollars in cash near the Rio Grande.', 'https://images-na.ssl-images-amazon.com/images/M/MV5BMjA5Njk3MjM4OV5BMl5BanBnXkFtZTcwMTc5MTE1MQ@@._V1_SX300.jpg', 13);
INSERT INTO movies (id, title, year, runtime, plot, poster_url, director_id)
VALUES (14, 'Planet 51', 2009, 91, 'An alien civilization is invaded by Astronaut Chuck Baker, who believes that the planet was uninhabited. Wanted by the military, Baker must get back to his ship before it goes into orbit without him.', 'https://upload.wikimedia.org/wikipedia/en/7/72/Planet51movieposter.jpg',14);
INSERT INTO movies (id, title, year, runtime, plot, poster_url, director_id)
VALUES (15, 'Looper', 2012, 119, 'In 2074, when the mob wants to get rid of someone, the target is sent into the past, where a hired gun awaits - someone like Joe - who one day learns the mob wants to close the loop by sending back Joes future self for assassination.', 'https://upload.wikimedia.org/wikipedia/en/0/0a/Looper_poster.jpg', 15);
INSERT INTO movies (id, title, year, runtime, plot, poster_url, director_id)
VALUES (16, 'Corpse Bride', 2005, 77, 'When a shy groom practices his wedding vows in the inadvertent presence of a deceased young woman, she rises from the grave assuming he has married her.', 'https://upload.wikimedia.org/wikipedia/en/a/a6/Corpse_Bride_film_poster.jpg',16);
INSERT INTO movies (id, title, year, runtime, plot, poster_url, director_id)
VALUES (17, 'The Third Man', 1949, 93, 'Pulp novelist Holly Martins travels to shadowy, postwar Vienna, only to find himself investigating the mysterious death of an old friend, Harry Lime.', 'https://images-na.ssl-images-amazon.com/images/M/MV5BMjMwNzMzMTQ0Ml5BMl5BanBnXkFtZTgwNjExMzUwNjE@._V1_SX300.jpg',17);
INSERT INTO movies (id, title, year, runtime, plot, poster_url, director_id)
VALUES (18, 'The Beach', 2000, 119, 'Twenty-something Richard travels to Thailand and finds himself in possession of a strange map. Rumours state that it leads to a solitary beach paradise, a tropical bliss - excited and intrigued, he sets out to find it.', 'https://images-na.ssl-images-amazon.com/images/M/MV5BN2ViYTFiZmUtOTIxZi00YzIxLWEyMzUtYjQwZGNjMjNhY2IwXkEyXkFqcGdeQXVyNDk3NzU2MTQ@._V1_SX300.jpg', 18);
INSERT INTO movies (id, title, year, runtime, plot, poster_url, director_id)
VALUES (19, 'Scarface', 1983, 170, 'In Miami in 1980, a determined Cuban immigrant takes over a drug cartel and succumbs to greed.', 'https://images-na.ssl-images-amazon.com/images/M/MV5BMjAzOTM4MzEwNl5BMl5BanBnXkFtZTgwMzU1OTc1MDE@._V1_SX300.jpg', 19);
INSERT INTO movies (id, title, year, runtime, plot, poster_url, director_id)
VALUES (20, 'Sid and Nancy', 1986, 112, 'Morbid biographical story of Sid Vicious, bassist with British punk group the Sex Pistols, and his girlfriend Nancy Spungen. When the Sex Pistols break up after their fateful US tour, ...', 'https://images-na.ssl-images-amazon.com/images/M/MV5BMjExNjA5NzY4M15BMl5BanBnXkFtZTcwNjQ2NzI5NA@@._V1_SX300.jpg', 20);
INSERT INTO movies (id, title, year, runtime, plot, poster_url, director_id)
VALUES (21, 'Black Swan', 2010, 108, 'A committed dancer wins the lead role in a production of Tchaikovskys "Swan Lake" only to find herself struggling to maintain her sanity.', 'https://images-na.ssl-images-amazon.com/images/M/MV5BNzY2NzI4OTE5MF5BMl5BanBnXkFtZTcwMjMyNDY4Mw@@._V1_SX300.jpg', 21);
INSERT INTO movies (id, title, year, runtime, plot, poster_url, director_id)
VALUES (22, 'Inception', 2010, 148, 'A thief, who steals corporate secrets through use of dream-sharing technology, is given the inverse task of planting an idea into the mind of a CEO.', 'https://images-na.ssl-images-amazon.com/images/M/MV5BMjAxMzY3NjcxNF5BMl5BanBnXkFtZTcwNTI5OTM0Mw@@._V1_SX300.jpg', 8);
INSERT INTO movies (id, title, year, runtime, plot, poster_url, director_id)
VALUES (23, 'The Deer Hunter', 1978, 183, 'An in-depth examination of the ways in which the U.S. Vietnam War impacts and disrupts the lives of people in a small industrial town in Pennsylvania.', 'https://upload.wikimedia.org/wikipedia/en/5/57/The_Deer_Hunter_poster.jpg', 22);
INSERT INTO movies (id, title, year, runtime, plot, poster_url, director_id)
VALUES (24, 'Chasing Amy', 1997, 113, 'Holden and Banky are comic book artists. Everythings going good for them until they meet Alyssa, also a comic book artist. Holden falls for her, but his hopes are crushed when he finds out shes gay.', 'https://images-na.ssl-images-amazon.com/images/M/MV5BZDM3MTg2MGUtZDM0MC00NzMwLWE5NjItOWFjNjA2M2I4YzgxXkEyXkFqcGdeQXVyMTQxNzMzNDI@._V1_SX300.jpg', 23);
INSERT INTO movies (id, title, year, runtime, plot, poster_url, director_id)
VALUES (25, 'Django Unchained', 2012, 165, 'With the help of a German bounty hunter, a freed slave sets out to rescue his wife from a brutal Mississippi plantation owner.', 'https://upload.wikimedia.org/wikipedia/en/8/8b/Django_Unchained_Poster.jpg', 24);
INSERT INTO movies (id, title, year, runtime, plot, poster_url, director_id)
VALUES (26, 'The Silence of the Lambs', 1991, 118, 'A young F.B.I. cadet must confide in an incarcerated and manipulative killer to receive his help on catching another serial killer who skins his victims.', 'https://images-na.ssl-images-amazon.com/images/M/MV5BMTQ2NzkzMDI4OF5BMl5BanBnXkFtZTcwMDA0NzE1NA@@._V1_SX300.jpg', 25);
INSERT INTO movies (id, title, year, runtime, plot, poster_url, director_id)
VALUES (27, 'American Beauty', 1999, 122, 'A sexually frustrated suburban father has a mid-life crisis after becoming infatuated with his daughters best friend.', 'https://upload.wikimedia.org/wikipedia/en/9/9a/American_Beauty_1999_film_poster.jpg', 26);
INSERT INTO movies (id, title, year, runtime, plot, poster_url, director_id)
VALUES (28, 'Snatch', 2000, 102, 'Unscrupulous boxing promoters, violent bookmakers, a Russian gangster, incompetent amateur robbers, and supposedly Jewish jewelers fight to track down a priceless stolen diamond.', 'https://www.sonypictures.com/sites/default/files/styles/max_560x840/public/chameleon/title-movie/238148_Snatch_2000_1400x2100_US_1.jpg?itok=leqMPdrN', 27);
INSERT INTO movies (id, title, year, runtime, plot, poster_url, director_id)
VALUES (29, 'Midnight Express', 1978, 121, 'Billy Hayes, an American college student, is caught smuggling drugs out of Turkey and thrown into prison.', 'https://images-na.ssl-images-amazon.com/images/M/MV5BMTQyMDA5MzkyOF5BMl5BanBnXkFtZTgwOTYwNTcxMTE@._V1_SX300.jpg', 28);
INSERT INTO movies (id, title, year, runtime, plot, poster_url, director_id)
VALUES (30, 'Pulp Fiction', 1994, 154, 'The lives of two mob hit men, a boxer, a gangsters wife, and a pair of diner bandits intertwine in four tales of violence and redemption.', 'https://images-na.ssl-images-amazon.com/images/M/MV5BMTkxMTA5OTAzMl5BMl5BanBnXkFtZTgwNjA5MDc3NjE@._V1_SX300.jpg', 24);
INSERT INTO movies (id, title, year, runtime, plot, poster_url, director_id)
VALUES (31, 'Lock, Stock and Two Smoking Barrels', 1998, 107, 'A botched card game in London triggers four friends, thugs, weed-growers, hard gangsters, loan sharks and debt collectors to collide with each other in a series of unexpected events, all for the sake of weed, cash and two antique shotguns.', 'https://images-na.ssl-images-amazon.com/images/M/MV5BMTAyN2JmZmEtNjAyMy00NzYwLThmY2MtYWQ3OGNhNjExMmM4XkEyXkFqcGdeQXVyNDk3NzU2MTQ@._V1_SX300.jpg', 27);
INSERT INTO movies (id, title, year, runtime, plot, poster_url, director_id)
VALUES (32, 'Lucky Number Slevin', 2006, 110, 'A case of mistaken identity lands Slevin into the middle of a war being plotted by two of the citys most rival crime bosses: The Rabbi and The Boss. Slevin is under constant surveillance by relentless Detective Brikowski as well as the infamous assassin Goodkat and finds himself having to hatch his own ingenious plot to get them before they get him.', 'https://upload.wikimedia.org/wikipedia/en/a/a0/Lucky_Number_Slevin_Theater_Poster.JPG', 29);
INSERT INTO movies (id, title, year, runtime, plot, poster_url, director_id)
VALUES (33, 'Rear Window', 1954, 112, 'A wheelchair-bound photographer spies on his neighbours from his apartment window and becomes convinced one of them has committed murder.', 'https://images-na.ssl-images-amazon.com/images/M/MV5BNGUxYWM3M2MtMGM3Mi00ZmRiLWE0NGQtZjE5ODI2OTJhNTU0XkEyXkFqcGdeQXVyMTQxNzMzNDI@._V1_SX300.jpg', 30);
INSERT INTO movies (id, title, year, runtime, plot, poster_url, director_id)
VALUES (34, 'Pans Labyrinth', 2006, 118, 'In the falangist Spain of 1944, the bookish young stepdaughter of a sadistic army officer escapes into an eerie but captivating fantasy world.', 'https://upload.wikimedia.org/wikipedia/en/6/67/Pan%27s_Labyrinth.jpg', 31);
INSERT INTO movies (id, title, year, runtime, plot, poster_url, director_id)
VALUES (35, 'Shutter Island', 2010, 138, 'In 1954, a U.S. marshal investigates the disappearance of a murderess who escaped from a hospital for the criminally insane.', 'https://images-na.ssl-images-amazon.com/images/M/MV5BMTMxMTIyNzMxMV5BMl5BanBnXkFtZTcwOTc4OTI3Mg@@._V1_SX300.jpg', 12);
INSERT INTO movies (id, title, year, runtime, plot, poster_url, director_id)
VALUES (36, 'Reservoir Dogs', 1992, 99, 'After a simple jewelry heist goes terribly wrong, the surviving criminals begin to suspect that one of them is a police informant.', 'https://images-na.ssl-images-amazon.com/images/M/MV5BNjE5ZDJiZTQtOGE2YS00ZTc5LTk0OGUtOTg2NjdjZmVlYzE2XkEyXkFqcGdeQXVyMzM4MjM0Nzg@._V1_SX300.jpg', 24);
INSERT INTO movies (id, title, year, runtime, plot, poster_url, director_id)
VALUES (37, 'The Shining', 1980, 146, 'A family heads to an isolated hotel for the winter where an evil and spiritual presence influences the father into violence, while his psychic son sees horrific forebodings from the past and of the future.', 'https://upload.wikimedia.org/wikipedia/en/1/1d/The_Shining_%281980%29_U.K._release_poster_-_The_tide_of_terror_that_swept_America_IS_HERE.jpg', 32);
INSERT INTO movies (id, title, year, runtime, plot, poster_url, director_id)
VALUES (38, 'Midnight in Paris', 2011, 94, 'While on a trip to Paris with his fiances family, a nostalgic screenwriter finds himself mysteriously going back to the 1920s everyday at midnight.', 'https://upload.wikimedia.org/wikipedia/en/9/9f/Midnight_in_Paris_Poster.jpg', 33);
INSERT INTO movies (id, title, year, runtime, plot, poster_url, director_id)
VALUES (39, 'Les Miserables', 2012, 158, 'In 19th-century France, Jean Valjean, who for decades has been hunted by the ruthless policeman Javert after breaking parole, agrees to care for a factory workers daughter. The decision changes their lives forever.', 'https://upload.wikimedia.org/wikipedia/en/b/b0/Les-miserables-movie-poster1.jpg', 34);
INSERT INTO movies (id, title, year, runtime, plot, poster_url, director_id)
VALUES (40, 'L.A. Confidential', 1997, 138, 'As corruption grows in 1950s LA, three policemen - one strait-laced, one brutal, and one sleazy - investigate a series of murders with their own brand of justice.', 'https://upload.wikimedia.org/wikipedia/en/d/d8/La_confidential.jpg', 35);
INSERT INTO movies (id, title, year, runtime, plot, poster_url, director_id)
VALUES (41, 'Moneyball', 2011, 133, 'Oakland As general manager Billy Beanes successful attempt to assemble a baseball team on a lean budget by employing computer-generated analysis to acquire new players.', 'https://images-na.ssl-images-amazon.com/images/M/MV5BMjAxOTU3Mzc1M15BMl5BanBnXkFtZTcwMzk1ODUzNg@@._V1_SX300.jpg', 36);
INSERT INTO movies (id, title, year, runtime, plot, poster_url, director_id)
VALUES (42, 'The Hangover', 2009, 100, 'Three buddies wake up from a bachelor party in Las Vegas, with no memory of the previous night and the bachelor missing. They make their way around the city in order to find their friend before his wedding.', 'https://upload.wikimedia.org/wikipedia/en/b/b9/Hangoverposter09.jpg', 37);
INSERT INTO movies (id, title, year, runtime, plot, poster_url, director_id)
VALUES (43, 'The Great Beauty', 2013, 141, 'Jep Gambardella has seduced his way through the lavish nightlife of Rome for decades, but after his 65th birthday and a shock from the past, Jep looks past the nightclubs and parties to find a timeless landscape of absurd, exquisite beauty.', 'https://images-na.ssl-images-amazon.com/images/M/MV5BMTQ0ODg1OTQ2Nl5BMl5BanBnXkFtZTgwNTc2MDY1MDE@._V1_SX300.jpg', 38);
INSERT INTO movies (id, title, year, runtime, plot, poster_url, director_id)
VALUES (44, 'Gran Torino', 2008, 116, 'Disgruntled Korean War veteran Walt Kowalski sets out to reform his neighbor, a Hmong teenager who tried to steal Kowalskis prized possession: a 1972 Gran Torino.', 'https://upload.wikimedia.org/wikipedia/en/c/c6/Gran_Torino_poster.jpg', 39);
INSERT INTO movies (id, title, year, runtime, plot, poster_url, director_id)
VALUES (45, 'Mary and Max', 2009, 92, 'A tale of friendship between two unlikely pen pals: Mary, a lonely, eight-year-old girl living in the suburbs of Melbourne, and Max, a forty-four-year old, severely obese man living in New York.', 'https://images-na.ssl-images-amazon.com/images/M/MV5BMTQ1NDIyNTA1Nl5BMl5BanBnXkFtZTcwMjc2Njk3OA@@._V1_SX300.jpg', 40);
INSERT INTO movies (id, title, year, runtime, plot, poster_url, director_id)
VALUES (46, 'Flight', 2012, 138, 'An airline pilot saves almost all his passengers on his malfunctioning airliner which eventually crashed, but an investigation into the accident reveals something troubling.', 'https://images-na.ssl-images-amazon.com/images/M/MV5BMTUxMjI1OTMxNl5BMl5BanBnXkFtZTcwNjc3NTY1OA@@._V1_SX300.jpg', 41);
INSERT INTO movies (id, title, year, runtime, plot, poster_url, director_id)
VALUES (47, 'One Flew Over the Cuckoos Nest', 1975, 133, 'A criminal pleads insanity after getting into trouble again and once in the mental institution rebels against the oppressive nurse and rallies up the scared patients.', 'https://images-na.ssl-images-amazon.com/images/M/MV5BYmJkODkwOTItZThjZC00MTE0LWIxNzQtYTM3MmQwMGI1OWFiXkEyXkFqcGdeQXVyNjUwNzk3NDc@._V1_SX300.jpg', 42);
INSERT INTO movies (id, title, year, runtime, plot, poster_url, director_id)
VALUES (48, 'Requiem for a Dream', 2000, 102, 'The drug-induced utopias of four Coney Island people are shattered when their addictions run deep.', 'https://images-na.ssl-images-amazon.com/images/M/MV5BMTkzODMzODYwOF5BMl5BanBnXkFtZTcwODM2NjA2NQ@@._V1_SX300.jpg', 21);
INSERT INTO movies (id, title, year, runtime, plot, poster_url, director_id)
VALUES (49, 'The Truman Show', 1998, 103, 'An insurance salesman/adjuster discovers his entire life is actually a television show.', 'https://images-na.ssl-images-amazon.com/images/M/MV5BMDIzODcyY2EtMmY2MC00ZWVlLTgwMzAtMjQwOWUyNmJjNTYyXkEyXkFqcGdeQXVyNDk3NzU2MTQ@._V1_SX300.jpg', 43);
INSERT INTO movies (id, title, year, runtime, plot, poster_url, director_id)
VALUES (50, 'The Artist', 2011, 100, 'A silent movie star meets a young dancer, but the arrival of talking pictures sends their careers in opposite directions.', 'https://images-na.ssl-images-amazon.com/images/M/MV5BMzk0NzQxMTM0OV5BMl5BanBnXkFtZTcwMzU4MDYyNQ@@._V1_SX300.jpg', 44);
INSERT INTO movies (id, title, year, runtime, plot, poster_url, director_id)
VALUES (51, 'Forrest Gump', 1994, 142, 'Forrest Gump, while not intelligent, has accidentally been present at many historic moments, but his true love, Jenny Curran, eludes him.', 'https://upload.wikimedia.org/wikipedia/en/6/67/Forrest_Gump_poster.jpg', 41);
INSERT INTO movies (id, title, year, runtime, plot, poster_url, director_id)
VALUES (52, 'The Hobbit: The Desolation of Smaug', 2013, 161, 'The dwarves, along with Bilbo Baggins and Gandalf the Grey, continue their quest to reclaim Erebor, their homeland, from Smaug. Bilbo Baggins is in possession of a mysterious and magical ring.', 'https://images-na.ssl-images-amazon.com/images/M/MV5BMzU0NDY0NDEzNV5BMl5BanBnXkFtZTgwOTIxNDU1MDE@._V1_SX300.jpg', 45);
INSERT INTO movies (id, title, year, runtime, plot, poster_url, director_id)
VALUES (53, 'Vicky Cristina Barcelona', 2008, 96, 'Two girlfriends on a summer holiday in Spain become enamored with the same painter, unaware that his ex-wife, with whom he has a tempestuous relationship, is about to re-enter the picture.', 'https://images-na.ssl-images-amazon.com/images/M/MV5BMTU2NDQ4MTg2MV5BMl5BanBnXkFtZTcwNDUzNjU3MQ@@._V1_SX300.jpg', 33);
INSERT INTO movies (id, title, year, runtime, plot, poster_url, director_id)
VALUES (54, 'Slumdog Millionaire', 2008, 120, 'A Mumbai teen reflects on his upbringing in the slums when he is accused of cheating on the Indian Version of "Who Wants to be a Millionaire?"', 'https://upload.wikimedia.org/wikipedia/en/9/92/Slumdog_Millionaire_poster.png', 46);
INSERT INTO movies (id, title, year, runtime, plot, poster_url, director_id)
VALUES (55, 'Lost in Translation', 2003, 101, 'A faded movie star and a neglected young woman form an unlikely bond after crossing paths in Tokyo.', 'https://images-na.ssl-images-amazon.com/images/M/MV5BMTI2NDI5ODk4N15BMl5BanBnXkFtZTYwMTI3NTE3._V1_SX300.jpg', 47);
INSERT INTO movie_genres (movie_id, genre_id)
VALUES (1, 1);
INSERT INTO movie_genres (movie_id, genre_id)
VALUES (1, 2);
INSERT INTO movie_genres (movie_id, genre_id)
VALUES (2, 3);
INSERT INTO movie_genres (movie_id, genre_id)
VALUES (2, 4);
INSERT INTO movie_genres (movie_id, genre_id)
VALUES (2, 5);
INSERT INTO movie_genres (movie_id, genre_id)
VALUES (3, 3);
INSERT INTO movie_genres (movie_id, genre_id)
VALUES (3, 4);
INSERT INTO movie_genres (movie_id, genre_id)
VALUES (4, 6);
INSERT INTO movie_genres (movie_id, genre_id)
VALUES (4, 1);
INSERT INTO movie_genres (movie_id, genre_id)
VALUES (5, 4);
INSERT INTO movie_genres (movie_id, genre_id)
VALUES (5, 7);
INSERT INTO movie_genres (movie_id, genre_id)
VALUES (5, 8);
INSERT INTO movie_genres (movie_id, genre_id)
VALUES (6, 9);
INSERT INTO movie_genres (movie_id, genre_id)
VALUES (6, 1);
INSERT INTO movie_genres (movie_id, genre_id)
VALUES (6, 10);
INSERT INTO movie_genres (movie_id, genre_id)
VALUES (7, 3);
INSERT INTO movie_genres (movie_id, genre_id)
VALUES (7, 4);
INSERT INTO movie_genres (movie_id, genre_id)
VALUES (8, 11);
INSERT INTO movie_genres (movie_id, genre_id)
VALUES (8, 8);
INSERT INTO movie_genres (movie_id, genre_id)
VALUES (9, 12);
INSERT INTO movie_genres (movie_id, genre_id)
VALUES (9, 1);
INSERT INTO movie_genres (movie_id, genre_id)
VALUES (9, 4);
INSERT INTO movie_genres (movie_id, genre_id)
VALUES (10, 6);
INSERT INTO movie_genres (movie_id, genre_id)
VALUES (10, 10);
INSERT INTO movie_genres (movie_id, genre_id)
VALUES (10, 2);
INSERT INTO movie_genres (movie_id, genre_id)
VALUES (11, 13);
INSERT INTO movie_genres (movie_id, genre_id)
VALUES (11, 6);
INSERT INTO movie_genres (movie_id, genre_id)
VALUES (11, 4);
INSERT INTO movie_genres (movie_id, genre_id)
VALUES (12, 3);
INSERT INTO movie_genres (movie_id, genre_id)
VALUES (12, 4);
INSERT INTO movie_genres (movie_id, genre_id)
VALUES (13, 3);
INSERT INTO movie_genres (movie_id, genre_id)
VALUES (13, 4);
INSERT INTO movie_genres (movie_id, genre_id)
VALUES (13, 8);
INSERT INTO movie_genres (movie_id, genre_id)
VALUES (14, 9);
INSERT INTO movie_genres (movie_id, genre_id)
VALUES (14, 6);
INSERT INTO movie_genres (movie_id, genre_id)
VALUES (14, 1);
INSERT INTO movie_genres (movie_id, genre_id)
VALUES (15, 13);
INSERT INTO movie_genres (movie_id, genre_id)
VALUES (15, 3);
INSERT INTO movie_genres (movie_id, genre_id)
VALUES (15, 4);
INSERT INTO movie_genres (movie_id, genre_id)
VALUES (16, 9);
INSERT INTO movie_genres (movie_id, genre_id)
VALUES (16, 4);
INSERT INTO movie_genres (movie_id, genre_id)
VALUES (16, 10);
INSERT INTO movie_genres (movie_id, genre_id)
VALUES (17, 14);
INSERT INTO movie_genres (movie_id, genre_id)
VALUES (17, 11);
INSERT INTO movie_genres (movie_id, genre_id)
VALUES (17, 8);
INSERT INTO movie_genres (movie_id, genre_id)
VALUES (18, 6);
INSERT INTO movie_genres (movie_id, genre_id)
VALUES (18, 4);
INSERT INTO movie_genres (movie_id, genre_id)
VALUES (18, 15);
INSERT INTO movie_genres (movie_id, genre_id)
VALUES (19, 3);
INSERT INTO movie_genres (movie_id, genre_id)
VALUES (19, 4);
INSERT INTO movie_genres (movie_id, genre_id)
VALUES (20, 12);
INSERT INTO movie_genres (movie_id, genre_id)
VALUES (20, 4);
INSERT INTO movie_genres (movie_id, genre_id)
VALUES (20, 5);
INSERT INTO movie_genres (movie_id, genre_id)
VALUES (21, 4);
INSERT INTO movie_genres (movie_id, genre_id)
VALUES (21, 8);
INSERT INTO movie_genres (movie_id, genre_id)
VALUES (22, 13);
INSERT INTO movie_genres (movie_id, genre_id)
VALUES (22, 6);
INSERT INTO movie_genres (movie_id, genre_id)
VALUES (22, 16);
INSERT INTO movie_genres (movie_id, genre_id)
VALUES (23, 4);
INSERT INTO movie_genres (movie_id, genre_id)
VALUES (23, 17);
INSERT INTO movie_genres (movie_id, genre_id)
VALUES (24, 1);
INSERT INTO movie_genres (movie_id, genre_id)
VALUES (24, 4);
INSERT INTO movie_genres (movie_id, genre_id)
VALUES (24, 15);
INSERT INTO movie_genres (movie_id, genre_id)
VALUES (25, 4);
INSERT INTO movie_genres (movie_id, genre_id)
VALUES (25, 18);
INSERT INTO movie_genres (movie_id, genre_id)
VALUES (26, 3);
INSERT INTO movie_genres (movie_id, genre_id)
VALUES (26, 4);
INSERT INTO movie_genres (movie_id, genre_id)
VALUES (26, 8);
INSERT INTO movie_genres (movie_id, genre_id)
VALUES (27, 4);
INSERT INTO movie_genres (movie_id, genre_id)
VALUES (27, 15);
INSERT INTO movie_genres (movie_id, genre_id)
VALUES (28, 1);
INSERT INTO movie_genres (movie_id, genre_id)
VALUES (28, 3);
INSERT INTO movie_genres (movie_id, genre_id)
VALUES (29, 3);
INSERT INTO movie_genres (movie_id, genre_id)
VALUES (29, 4);
INSERT INTO movie_genres (movie_id, genre_id)
VALUES (29, 8);
INSERT INTO movie_genres (movie_id, genre_id)
VALUES (30, 3);
INSERT INTO movie_genres (movie_id, genre_id)
VALUES (30, 4);
INSERT INTO movie_genres (movie_id, genre_id)
VALUES (31, 1);
INSERT INTO movie_genres (movie_id, genre_id)
VALUES (31, 3);
INSERT INTO movie_genres (movie_id, genre_id)
VALUES (32, 3);
INSERT INTO movie_genres (movie_id, genre_id)
VALUES (32, 4);
INSERT INTO movie_genres (movie_id, genre_id)
VALUES (32, 11);
INSERT INTO movie_genres (movie_id, genre_id)
VALUES (33, 11);
INSERT INTO movie_genres (movie_id, genre_id)
VALUES (33, 8);
INSERT INTO movie_genres (movie_id, genre_id)
VALUES (34, 4);
INSERT INTO movie_genres (movie_id, genre_id)
VALUES (34, 2);
INSERT INTO movie_genres (movie_id, genre_id)
VALUES (34, 17);
INSERT INTO movie_genres (movie_id, genre_id)
VALUES (35, 11);
INSERT INTO movie_genres (movie_id, genre_id)
VALUES (35, 8);
INSERT INTO movie_genres (movie_id, genre_id)
VALUES (36, 3);
INSERT INTO movie_genres (movie_id, genre_id)
VALUES (36, 4);
INSERT INTO movie_genres (movie_id, genre_id)
VALUES (36, 8);
INSERT INTO movie_genres (movie_id, genre_id)
VALUES (37, 4);
INSERT INTO movie_genres (movie_id, genre_id)
VALUES (37, 19);
INSERT INTO movie_genres (movie_id, genre_id)
VALUES (38, 1);
INSERT INTO movie_genres (movie_id, genre_id)
VALUES (38, 2);
INSERT INTO movie_genres (movie_id, genre_id)
VALUES (38, 15);
INSERT INTO movie_genres (movie_id, genre_id)
VALUES (39, 4);
INSERT INTO movie_genres (movie_id, genre_id)
VALUES (39, 20);
INSERT INTO movie_genres (movie_id, genre_id)
VALUES (39, 15);
INSERT INTO movie_genres (movie_id, genre_id)
VALUES (40, 3);
INSERT INTO movie_genres (movie_id, genre_id)
VALUES (40, 4);
INSERT INTO movie_genres (movie_id, genre_id)
VALUES (40, 11);
INSERT INTO movie_genres (movie_id, genre_id)
VALUES (41, 12);
INSERT INTO movie_genres (movie_id, genre_id)
VALUES (41, 4);
INSERT INTO movie_genres (movie_id, genre_id)
VALUES (41, 21);
INSERT INTO movie_genres (movie_id, genre_id)
VALUES (42, 1);
INSERT INTO movie_genres (movie_id, genre_id)
VALUES (43, 4);
INSERT INTO movie_genres (movie_id, genre_id)
VALUES (44, 4);
INSERT INTO movie_genres (movie_id, genre_id)
VALUES (45, 9);
INSERT INTO movie_genres (movie_id, genre_id)
VALUES (45, 1);
INSERT INTO movie_genres (movie_id, genre_id)
VALUES (45, 4);
INSERT INTO movie_genres (movie_id, genre_id)
VALUES (46, 4);
INSERT INTO movie_genres (movie_id, genre_id)
VALUES (46, 8);
INSERT INTO movie_genres (movie_id, genre_id)
VALUES (47, 4);
INSERT INTO movie_genres (movie_id, genre_id)
VALUES (48, 4);
INSERT INTO movie_genres (movie_id, genre_id)
VALUES (49, 1);
INSERT INTO movie_genres (movie_id, genre_id)
VALUES (49, 4);
INSERT INTO movie_genres (movie_id, genre_id)
VALUES (49, 16);
INSERT INTO movie_genres (movie_id, genre_id)
VALUES (50, 1);
INSERT INTO movie_genres (movie_id, genre_id)
VALUES (50, 4);
INSERT INTO movie_genres (movie_id, genre_id)
VALUES (50, 15);
INSERT INTO movie_genres (movie_id, genre_id)
VALUES (51, 1);
INSERT INTO movie_genres (movie_id, genre_id)
VALUES (51, 4);
INSERT INTO movie_genres (movie_id, genre_id)
VALUES (52, 6);
INSERT INTO movie_genres (movie_id, genre_id)
VALUES (52, 2);
INSERT INTO movie_genres (movie_id, genre_id)
VALUES (53, 4);
INSERT INTO movie_genres (movie_id, genre_id)
VALUES (53, 15);
INSERT INTO movie_genres (movie_id, genre_id)
VALUES (54, 4);
INSERT INTO movie_genres (movie_id, genre_id)
VALUES (54, 15);
INSERT INTO movie_genres (movie_id, genre_id)
VALUES (55, 4);
INSERT INTO movie_actors (movie_id, actor_id)
VALUES (1, 1);
INSERT INTO movie_actors (movie_id, actor_id)
VALUES (1, 2);
INSERT INTO movie_actors (movie_id, actor_id)
VALUES (1, 3);
INSERT INTO movie_actors (movie_id, actor_id)
VALUES (1, 4);
INSERT INTO movie_actors (movie_id, actor_id)
VALUES (2, 5);
INSERT INTO movie_actors (movie_id, actor_id)
VALUES (2, 6);
INSERT INTO movie_actors (movie_id, actor_id)
VALUES (2, 7);
INSERT INTO movie_actors (movie_id, actor_id)
VALUES (2, 8);
INSERT INTO movie_actors (movie_id, actor_id)
VALUES (3, 9);
INSERT INTO movie_actors (movie_id, actor_id)
VALUES (3, 10);
INSERT INTO movie_actors (movie_id, actor_id)
VALUES (3, 11);
INSERT INTO movie_actors (movie_id, actor_id)
VALUES (3, 12);
INSERT INTO movie_actors (movie_id, actor_id)
VALUES (4, 13);
INSERT INTO movie_actors (movie_id, actor_id)
VALUES (4, 14);
INSERT INTO movie_actors (movie_id, actor_id)
VALUES (4, 15);
INSERT INTO movie_actors (movie_id, actor_id)
VALUES (4, 16);
INSERT INTO movie_actors (movie_id, actor_id)
VALUES (5, 17);
INSERT INTO movie_actors (movie_id, actor_id)
VALUES (5, 18);
INSERT INTO movie_actors (movie_id, actor_id)
VALUES (5, 19);
INSERT INTO movie_actors (movie_id, actor_id)
VALUES (5, 20);
INSERT INTO movie_actors (movie_id, actor_id)
VALUES (6, 21);
INSERT INTO movie_actors (movie_id, actor_id)
VALUES (6, 22);
INSERT INTO movie_actors (movie_id, actor_id)
VALUES (6, 23);
INSERT INTO movie_actors (movie_id, actor_id)
VALUES (6, 24);
INSERT INTO movie_actors (movie_id, actor_id)
VALUES (7, 25);
INSERT INTO movie_actors (movie_id, actor_id)
VALUES (7, 26);
INSERT INTO movie_actors (movie_id, actor_id)
VALUES (7, 27);
INSERT INTO movie_actors (movie_id, actor_id)
VALUES (7, 28);
INSERT INTO movie_actors (movie_id, actor_id)
VALUES (8, 29);
INSERT INTO movie_actors (movie_id, actor_id)
VALUES (8, 30);
INSERT INTO movie_actors (movie_id, actor_id)
VALUES (8, 31);
INSERT INTO movie_actors (movie_id, actor_id)
VALUES (8, 32);
INSERT INTO movie_actors (movie_id, actor_id)
VALUES (9, 33);
INSERT INTO movie_actors (movie_id, actor_id)
VALUES (9, 34);
INSERT INTO movie_actors (movie_id, actor_id)
VALUES (9, 35);
INSERT INTO movie_actors (movie_id, actor_id)
VALUES (9, 36);
INSERT INTO movie_actors (movie_id, actor_id)
VALUES (10, 37);
INSERT INTO movie_actors (movie_id, actor_id)
VALUES (10, 38);
INSERT INTO movie_actors (movie_id, actor_id)
VALUES (10, 39);
INSERT INTO movie_actors (movie_id, actor_id)
VALUES (10, 40);
INSERT INTO movie_actors (movie_id, actor_id)
VALUES (11, 41);
INSERT INTO movie_actors (movie_id, actor_id)
VALUES (11, 42);
INSERT INTO movie_actors (movie_id, actor_id)
VALUES (11, 43);
INSERT INTO movie_actors (movie_id, actor_id)
VALUES (11, 44);
INSERT INTO movie_actors (movie_id, actor_id)
VALUES (12, 45);
INSERT INTO movie_actors (movie_id, actor_id)
VALUES (12, 46);
INSERT INTO movie_actors (movie_id, actor_id)
VALUES (12, 47);
INSERT INTO movie_actors (movie_id, actor_id)
VALUES (12, 48);
INSERT INTO movie_actors (movie_id, actor_id)
VALUES (13, 49);
INSERT INTO movie_actors (movie_id, actor_id)
VALUES (13, 50);
INSERT INTO movie_actors (movie_id, actor_id)
VALUES (13, 51);
INSERT INTO movie_actors (movie_id, actor_id)
VALUES (13, 52);
INSERT INTO movie_actors (movie_id, actor_id)
VALUES (14, 53);
INSERT INTO movie_actors (movie_id, actor_id)
VALUES (14, 54);
INSERT INTO movie_actors (movie_id, actor_id)
VALUES (14, 55);
INSERT INTO movie_actors (movie_id, actor_id)
VALUES (14, 56);
INSERT INTO movie_actors (movie_id, actor_id)
VALUES (15, 57);
INSERT INTO movie_actors (movie_id, actor_id)
VALUES (15, 58);
INSERT INTO movie_actors (movie_id, actor_id)
VALUES (15, 59);
INSERT INTO movie_actors (movie_id, actor_id)
VALUES (15, 60);
INSERT INTO movie_actors (movie_id, actor_id)
VALUES (16, 61);
INSERT INTO movie_actors (movie_id, actor_id)
VALUES (16, 62);
INSERT INTO movie_actors (movie_id, actor_id)
VALUES (16, 63);
INSERT INTO movie_actors (movie_id, actor_id)
VALUES (16, 64);
INSERT INTO movie_actors (movie_id, actor_id)
VALUES (17, 65);
INSERT INTO movie_actors (movie_id, actor_id)
VALUES (17, 66);
INSERT INTO movie_actors (movie_id, actor_id)
VALUES (17, 67);
INSERT INTO movie_actors (movie_id, actor_id)
VALUES (17, 68);
INSERT INTO movie_actors (movie_id, actor_id)
VALUES (18, 69);
INSERT INTO movie_actors (movie_id, actor_id)
VALUES (18, 70);
INSERT INTO movie_actors (movie_id, actor_id)
VALUES (18, 71);
INSERT INTO movie_actors (movie_id, actor_id)
VALUES (18, 72);
INSERT INTO movie_actors (movie_id, actor_id)
VALUES (19, 73);
INSERT INTO movie_actors (movie_id, actor_id)
VALUES (19, 74);
INSERT INTO movie_actors (movie_id, actor_id)
VALUES (19, 75);
INSERT INTO movie_actors (movie_id, actor_id)
VALUES (19, 76);
INSERT INTO movie_actors (movie_id, actor_id)
VALUES (20, 55);
INSERT INTO movie_actors (movie_id, actor_id)
VALUES (20, 77);
INSERT INTO movie_actors (movie_id, actor_id)
VALUES (20, 78);
INSERT INTO movie_actors (movie_id, actor_id)
VALUES (20, 79);
INSERT INTO movie_actors (movie_id, actor_id)
VALUES (21, 80);
INSERT INTO movie_actors (movie_id, actor_id)
VALUES (21, 81);
INSERT INTO movie_actors (movie_id, actor_id)
VALUES (21, 82);
INSERT INTO movie_actors (movie_id, actor_id)
VALUES (21, 83);
INSERT INTO movie_actors (movie_id, actor_id)
VALUES (22, 69);
INSERT INTO movie_actors (movie_id, actor_id)
VALUES (22, 57);
INSERT INTO movie_actors (movie_id, actor_id)
VALUES (22, 84);
INSERT INTO movie_actors (movie_id, actor_id)
VALUES (22, 85);
INSERT INTO movie_actors (movie_id, actor_id)
VALUES (23, 86);
INSERT INTO movie_actors (movie_id, actor_id)
VALUES (23, 87);
INSERT INTO movie_actors (movie_id, actor_id)
VALUES (23, 88);
INSERT INTO movie_actors (movie_id, actor_id)
VALUES (23, 89);
INSERT INTO movie_actors (movie_id, actor_id)
VALUES (24, 90);
INSERT INTO movie_actors (movie_id, actor_id)
VALUES (24, 91);
INSERT INTO movie_actors (movie_id, actor_id)
VALUES (24, 92);
INSERT INTO movie_actors (movie_id, actor_id)
VALUES (24, 93);
INSERT INTO movie_actors (movie_id, actor_id)
VALUES (25, 94);
INSERT INTO movie_actors (movie_id, actor_id)
VALUES (25, 95);
INSERT INTO movie_actors (movie_id, actor_id)
VALUES (25, 69);
INSERT INTO movie_actors (movie_id, actor_id)
VALUES (25, 96);
INSERT INTO movie_actors (movie_id, actor_id)
VALUES (26, 97);
INSERT INTO movie_actors (movie_id, actor_id)
VALUES (26, 98);
INSERT INTO movie_actors (movie_id, actor_id)
VALUES (26, 99);
INSERT INTO movie_actors (movie_id, actor_id)
VALUES (26, 100);
INSERT INTO movie_actors (movie_id, actor_id)
VALUES (27, 101);
INSERT INTO movie_actors (movie_id, actor_id)
VALUES (27, 102);
INSERT INTO movie_actors (movie_id, actor_id)
VALUES (27, 103);
INSERT INTO movie_actors (movie_id, actor_id)
VALUES (27, 104);
INSERT INTO movie_actors (movie_id, actor_id)
VALUES (28, 105);
INSERT INTO movie_actors (movie_id, actor_id)
VALUES (28, 106);
INSERT INTO movie_actors (movie_id, actor_id)
VALUES (28, 107);
INSERT INTO movie_actors (movie_id, actor_id)
VALUES (28, 108);
INSERT INTO movie_actors (movie_id, actor_id)
VALUES (29, 109);
INSERT INTO movie_actors (movie_id, actor_id)
VALUES (29, 110);
INSERT INTO movie_actors (movie_id, actor_id)
VALUES (29, 111);
INSERT INTO movie_actors (movie_id, actor_id)
VALUES (29, 112);
INSERT INTO movie_actors (movie_id, actor_id)
VALUES (30, 113);
INSERT INTO movie_actors (movie_id, actor_id)
VALUES (30, 114);
INSERT INTO movie_actors (movie_id, actor_id)
VALUES (30, 115);
INSERT INTO movie_actors (movie_id, actor_id)
VALUES (30, 116);
INSERT INTO movie_actors (movie_id, actor_id)
VALUES (31, 117);
INSERT INTO movie_actors (movie_id, actor_id)
VALUES (31, 118);
INSERT INTO movie_actors (movie_id, actor_id)
VALUES (31, 119);
INSERT INTO movie_actors (movie_id, actor_id)
VALUES (31, 120);
INSERT INTO movie_actors (movie_id, actor_id)
VALUES (32, 121);
INSERT INTO movie_actors (movie_id, actor_id)
VALUES (32, 58);
INSERT INTO movie_actors (movie_id, actor_id)
VALUES (32, 122);
INSERT INTO movie_actors (movie_id, actor_id)
VALUES (32, 10);
INSERT INTO movie_actors (movie_id, actor_id)
VALUES (33, 123);
INSERT INTO movie_actors (movie_id, actor_id)
VALUES (33, 124);
INSERT INTO movie_actors (movie_id, actor_id)
VALUES (33, 125);
INSERT INTO movie_actors (movie_id, actor_id)
VALUES (33, 126);
INSERT INTO movie_actors (movie_id, actor_id)
VALUES (34, 127);
INSERT INTO movie_actors (movie_id, actor_id)
VALUES (34, 128);
INSERT INTO movie_actors (movie_id, actor_id)
VALUES (34, 129);
INSERT INTO movie_actors (movie_id, actor_id)
VALUES (34, 130);
INSERT INTO movie_actors (movie_id, actor_id)
VALUES (35, 69);
INSERT INTO movie_actors (movie_id, actor_id)
VALUES (35, 131);
INSERT INTO movie_actors (movie_id, actor_id)
VALUES (35, 132);
INSERT INTO movie_actors (movie_id, actor_id)
VALUES (35, 133);
INSERT INTO movie_actors (movie_id, actor_id)
VALUES (36, 134);
INSERT INTO movie_actors (movie_id, actor_id)
VALUES (36, 113);
INSERT INTO movie_actors (movie_id, actor_id)
VALUES (36, 135);
INSERT INTO movie_actors (movie_id, actor_id)
VALUES (36, 136);
INSERT INTO movie_actors (movie_id, actor_id)
VALUES (37, 137);
INSERT INTO movie_actors (movie_id, actor_id)
VALUES (37, 138);
INSERT INTO movie_actors (movie_id, actor_id)
VALUES (37, 139);
INSERT INTO movie_actors (movie_id, actor_id)
VALUES (37, 140);
INSERT INTO movie_actors (movie_id, actor_id)
VALUES (38, 141);
INSERT INTO movie_actors (movie_id, actor_id)
VALUES (38, 142);
INSERT INTO movie_actors (movie_id, actor_id)
VALUES (38, 143);
INSERT INTO movie_actors (movie_id, actor_id)
VALUES (38, 144);
INSERT INTO movie_actors (movie_id, actor_id)
VALUES (39, 145);
INSERT INTO movie_actors (movie_id, actor_id)
VALUES (39, 146);
INSERT INTO movie_actors (movie_id, actor_id)
VALUES (39, 147);
INSERT INTO movie_actors (movie_id, actor_id)
VALUES (39, 148);
INSERT INTO movie_actors (movie_id, actor_id)
VALUES (40, 101);
INSERT INTO movie_actors (movie_id, actor_id)
VALUES (40, 146);
INSERT INTO movie_actors (movie_id, actor_id)
VALUES (40, 29);
INSERT INTO movie_actors (movie_id, actor_id)
VALUES (40, 149);
INSERT INTO movie_actors (movie_id, actor_id)
VALUES (41, 108);
INSERT INTO movie_actors (movie_id, actor_id)
VALUES (41, 150);
INSERT INTO movie_actors (movie_id, actor_id)
VALUES (41, 151);
INSERT INTO movie_actors (movie_id, actor_id)
VALUES (41, 152);
INSERT INTO movie_actors (movie_id, actor_id)
VALUES (42, 153);
INSERT INTO movie_actors (movie_id, actor_id)
VALUES (42, 154);
INSERT INTO movie_actors (movie_id, actor_id)
VALUES (42, 155);
INSERT INTO movie_actors (movie_id, actor_id)
VALUES (42, 156);
INSERT INTO movie_actors (movie_id, actor_id)
VALUES (43, 157);
INSERT INTO movie_actors (movie_id, actor_id)
VALUES (43, 158);
INSERT INTO movie_actors (movie_id, actor_id)
VALUES (43, 159);
INSERT INTO movie_actors (movie_id, actor_id)
VALUES (43, 160);
INSERT INTO movie_actors (movie_id, actor_id)
VALUES (44, 161);
INSERT INTO movie_actors (movie_id, actor_id)
VALUES (44, 162);
INSERT INTO movie_actors (movie_id, actor_id)
VALUES (44, 163);
INSERT INTO movie_actors (movie_id, actor_id)
VALUES (44, 164);
INSERT INTO movie_actors (movie_id, actor_id)
VALUES (45, 165);
INSERT INTO movie_actors (movie_id, actor_id)
VALUES (45, 151);
INSERT INTO movie_actors (movie_id, actor_id)
VALUES (45, 166);
INSERT INTO movie_actors (movie_id, actor_id)
VALUES (45, 167);
INSERT INTO movie_actors (movie_id, actor_id)
VALUES (46, 168);
INSERT INTO movie_actors (movie_id, actor_id)
VALUES (46, 169);
INSERT INTO movie_actors (movie_id, actor_id)
VALUES (46, 170);
INSERT INTO movie_actors (movie_id, actor_id)
VALUES (46, 171);
INSERT INTO movie_actors (movie_id, actor_id)
VALUES (47, 172);
INSERT INTO movie_actors (movie_id, actor_id)
VALUES (47, 173);
INSERT INTO movie_actors (movie_id, actor_id)
VALUES (47, 174);
INSERT INTO movie_actors (movie_id, actor_id)
VALUES (47, 175);
INSERT INTO movie_actors (movie_id, actor_id)
VALUES (48, 176);
INSERT INTO movie_actors (movie_id, actor_id)
VALUES (48, 177);
INSERT INTO movie_actors (movie_id, actor_id)
VALUES (48, 178);
INSERT INTO movie_actors (movie_id, actor_id)
VALUES (48, 179);
INSERT INTO movie_actors (movie_id, actor_id)
VALUES (49, 180);
INSERT INTO movie_actors (movie_id, actor_id)
VALUES (49, 181);
INSERT INTO movie_actors (movie_id, actor_id)
VALUES (49, 182);
INSERT INTO movie_actors (movie_id, actor_id)
VALUES (49, 183);
INSERT INTO movie_actors (movie_id, actor_id)
VALUES (50, 184);
INSERT INTO movie_actors (movie_id, actor_id)
VALUES (50, 185);
INSERT INTO movie_actors (movie_id, actor_id)
VALUES (50, 186);
INSERT INTO movie_actors (movie_id, actor_id)
VALUES (50, 149);
INSERT INTO movie_actors (movie_id, actor_id)
VALUES (51, 187);
INSERT INTO movie_actors (movie_id, actor_id)
VALUES (51, 188);
INSERT INTO movie_actors (movie_id, actor_id)
VALUES (51, 189);
INSERT INTO movie_actors (movie_id, actor_id)
VALUES (51, 190);
INSERT INTO movie_actors (movie_id, actor_id)
VALUES (52, 37);
INSERT INTO movie_actors (movie_id, actor_id)
VALUES (52, 191);
INSERT INTO movie_actors (movie_id, actor_id)
VALUES (52, 192);
INSERT INTO movie_actors (movie_id, actor_id)
VALUES (52, 193);
INSERT INTO movie_actors (movie_id, actor_id)
VALUES (53, 194);
INSERT INTO movie_actors (movie_id, actor_id)
VALUES (53, 195);
INSERT INTO movie_actors (movie_id, actor_id)
VALUES (53, 196);
INSERT INTO movie_actors (movie_id, actor_id)
VALUES (53, 197);
INSERT INTO movie_actors (movie_id, actor_id)
VALUES (54, 198);
INSERT INTO movie_actors (movie_id, actor_id)
VALUES (54, 199);
INSERT INTO movie_actors (movie_id, actor_id)
VALUES (54, 200);
INSERT INTO movie_actors (movie_id, actor_id)
VALUES (54, 201);
INSERT INTO movie_actors (movie_id, actor_id)
VALUES (55, 195);
INSERT INTO movie_actors (movie_id, actor_id)
VALUES (55, 202);
INSERT INTO movie_actors (movie_id, actor_id)
VALUES (55, 203);
INSERT INTO movie_actors (movie_id, actor_id)
VALUES (55, 204);
